#SampleID,BarcodeSequence,LinkerPrimerSequence,BarcodeName,ProjectName,Description,Type,Date,Collector,Route,Total_Time_Min,Volume_L,LULC_Extract,LULC_Shannon,LULC_Richness,Function_Shannon,BC_Avg_ONA1,BC_ONA1_SD,PM2.5__AVG_Grimms,PM2.5_Grimms_SD,Ozone_Avg,Ozone_SD,Temp_Avg_F,Temp_SD,Humidity_Avg,Humidity_SD,input_seqs,filtered_seqa,denoised_seqs,non-chimeric_seqs,Shannon_Diversity,Faith_Pd,Evenness,Observed
P1,TCCTCGTA,GTGYCAGCMGCCGCGGTAA,illCus515bar11,091219JSillcus515F,P1,Outdoor,1-Jul-19,Kabin. Alex,Route  1,635,762,Yes,2.01688,42,5.556649,1437.318,4331.412,3.313831,6.366102,21.27942,4.645005,NaN,NaN,NaN,NaN,364645,360320,359175,342684,5.871016,31.4009,0.6747953,416
P2,TCCTCGTG,GTGYCAGCMGCCGCGGTAA,illCus515bar12,091219JSillcus515F,P2,Outdoor,3-Jul-19,Meghan. Justin,Route 2,655,786,Yes,1.171113,30,5.565528,,,12.36496397,13.99771667,38.23803547,13.48984777,85.0365416,3.778506742,65.63132137,7.739073958,327270,323906,322587,302475,5.252969,26.49277,0.6256063,337
P3,TCCTGGCA,GTGYCAGCMGCCGCGGTAA,illCus515bar13,091219JSillcus515F,P3,Outdoor,5-Jul-19,Meghan. Justin,Route 2,536,643.2,Yes,1.201482,30,5.568356,1151.566,2877.103,30.53653,130.099,,,,,,,376973,372856,371859,356419,4.113487,29.06174,0.4826009,368
P4,TCCTGTAC,GTGYCAGCMGCCGCGGTAA,illCus515bar14,091219JSillcus515F,P4,Outdoor,9-Jul-19,Meghan. Justin. Peleg,Route  1,645,774,Yes,1.928301,41,5.550737,1762.056,6266.674,17.13096,7.959272,37.59387,14.58812,83.79562,6.871934,58.38474,16.07866,278458,275491,274897,259045,5.30832,27.45947,0.6262963,356
P5,TCCTTCCA,GTGYCAGCMGCCGCGGTAA,illCus515bar15,091219JSillcus515F,P5,Outdoor,10-Jul-19,Meghan. Justin,Route  1,632,758.4,Yes,1.970544,43,5.532354,1627.965647,4063.326375,17.90924,10.61581,48.03239,19.60006,86.59549,5.883388,57.53684,12.88675,439349,434406,433233,420405,4.456289,27.15544,0.52282,368
P6,TCCTTCTT,GTGYCAGCMGCCGCGGTAA,illCus515bar16,091219JSillcus515F,P6,Outdoor,12-Jul-19,Meghan. Radley,Route 2,604,724.8,Yes,1.238412,29,5.495274,,,,,,,,,,,258168,255810,255053,245591,4.90872,27.76077,0.5748482,372
P7,TCCTTGGT,GTGYCAGCMGCCGCGGTAA,illCus515bar17,091219JSillcus515F,P7,Outdoor,15-Jul-19,Justin. Meghan,Route  1,562,674.4,Yes,1.993899,41,5.540582,1294.273295,3279.78149,6.711028385,4.96163808,31.88143603,21.50537252,NaN,NaN,NaN,NaN,212948,211051,210073,198815,5.788328,30.32158,0.6754289,380
P8,TCGAAAGG,GTGYCAGCMGCCGCGGTAA,illCus515bar18,091219JSillcus515F,P8,Outdoor,16-Jul-19,Justin. Meghan,Route 2,538,645.6,Yes,1.193954,30,5.523271,,,,,,,,,,,168683,166750,166253,155663,4.683449,26.46132,0.5684898,302
S1,TCGAACCT,GTGYCAGCMGCCGCGGTAA,illCus515bar19,091219JSillcus515F,S1,Subway,10-Jul-19,Alex,NA,298,327.8,NA,NA,NA,,2258.423808,,15.196,,NA,NA,NA,NA,NA,NA,,,,,,,,
S2,TCGAAGAG,GTGYCAGCMGCCGCGGTAA,illCus515bar20,091219JSillcus515F,S2,Subway,11-Jul-19,Alex,NA,279,306.9,NA,NA,NA,,1638.918578,,11.63343209,,NA,NA,NA,NA,NA,NA,,,,,,,,
S3,TCGAATCC,GTGYCAGCMGCCGCGGTAA,illCus515bar21,091219JSillcus515F,S3,Subway,17-Jul-19,Alex,NA,264,290.4,NA,NA,NA,,2083.354224,,22.30898154,,NA,NA,NA,NA,NA,NA,,,,,,,,
S4,TCGACAAC,GTGYCAGCMGCCGCGGTAA,illCus515bar22,091219JSillcus515F,S4,Subway,25-Jul-19,Alex,NA,312,343.2,NA,NA,NA,,751.8654811,,8.813305221,,NA,NA,NA,NA,NA,NA,,,,,,,,